{
  "accuracy": 0.69,
  "precision": 0.7065217391304348,
  "recall": 0.65,
  "f1": 0.6770833333333334,
  "cv_f1_mean": 0.6245073135559792,
  "cv_f1_std": 0.056538057666541956,
  "timestamp": "2026-02-28T20:43:40.692741"
}