{
  "accuracy": 0.7786363636363637,
  "precision": 0.7770870337477798,
  "recall": 0.7875787578757876,
  "f1": 0.7822977201609298,
  "roc_auc": 0.8748916213935443,
  "feature_pruning_applied": true,
  "isotonic_calibration_applied": true,
  "original_features": 437,
  "pruned_features": 350,
  "optimal_threshold": 0.5199999999999998,
  "accuracy_thresholded": 0.785,
  "precision_thresholded": 0.7921245421245421,
  "recall_thresholded": 0.7785778577857786,
  "f1_thresholded": 0.7852927825692237,
  "macro_f1_thresholded": 0.7849996002058681,
  "timestamp": "2026-03-01T00:18:11.824988"
}