{
  "accuracy": 0.8125,
  "precision": 0.7906976744186046,
  "recall": 0.85,
  "f1": 0.8192771084337349,
  "roc_auc": 0.8659375,
  "feature_pruning_applied": true,
  "isotonic_calibration_applied": true,
  "original_features": 437,
  "pruned_features": 350,
  "optimal_threshold": 0.5399999999999998,
  "accuracy_thresholded": 0.825,
  "precision_thresholded": 0.825,
  "recall_thresholded": 0.825,
  "f1_thresholded": 0.825,
  "macro_f1_thresholded": 0.825,
  "timestamp": "2026-02-28T23:38:06.872030"
}