{
  "accuracy": 0.7665,
  "precision": 0.7579864472410455,
  "recall": 0.783,
  "f1": 0.7702902115100836,
  "cv_f1_mean": 0.7410871269545184,
  "cv_f1_std": 0.040285976709898745,
  "timestamp": "2026-02-28T19:52:53.594112"
}