{
  "accuracy": 0.7,
  "precision": 0.7,
  "recall": 0.7,
  "f1": 0.7,
  "roc_auc": 0.8400000000000001,
  "feature_pruning_applied": true,
  "isotonic_calibration_applied": true,
  "original_features": 437,
  "pruned_features": 350,
  "optimal_threshold": 0.6599999999999997,
  "accuracy_thresholded": 0.8,
  "precision_thresholded": 0.875,
  "recall_thresholded": 0.7,
  "f1_thresholded": 0.7777777777777778,
  "macro_f1_thresholded": 0.797979797979798,
  "timestamp": "2026-02-28T23:54:24.580439"
}