{
  "accuracy": 0.78275,
  "precision": 0.764277035236938,
  "recall": 0.8177,
  "f1": 0.7900864776076139,
  "cv_f1_mean": 0.775856893479703,
  "cv_f1_std": 0.02259352251624606,
  "timestamp": "2026-02-28T22:16:28.388792"
}