{
  "accuracy": 0.9233333333333333,
  "precision": 0.9044585987261147,
  "recall": 0.9466666666666667,
  "f1_score": 0.9250814332247557,
  "confusion_matrix": [
    [
      135,
      15
    ],
    [
      8,
      142
    ]
  ],
  "classification_report": "              precision    recall  f1-score   support\n\n   non-clone       0.94      0.90      0.92       150\n       clone       0.90      0.95      0.93       150\n\n    accuracy                           0.92       300\n   macro avg       0.92      0.92      0.92       300\nweighted avg       0.92      0.92      0.92       300\n",
  "feature_importances": {
    "levenshtein_distance": 0.12862128733784536,
    "levenshtein_ratio": 0.25059248956168306,
    "jaro_similarity": 0.2053327543449459,
    "jaro_winkler_similarity": 0.24991453358363824,
    "jaccard_similarity": 0.08198880021448816,
    "dice_coefficient": 0.08355013495739928
  },
  "split_info": {
    "train_samples": 1400,
    "val_samples": 300,
    "test_samples": 300,
    "train_ratio": 0.7,
    "val_ratio": 0.15,
    "test_ratio": 0.15
  }
}