{
  "config": {
    "dataset_path": "../../../../datasets/toma-dataset",
    "source_dir": "../../../../datasets/toma-dataset/id2sourcecode",
    "language": "java",
    "sample_size": 100000,
    "n_estimators": 100,
    "max_depth": 10,
    "split_ratios": {
      "train": 0.7,
      "val": 0.15,
      "test": 0.15
    }
  },
  "metrics": {
    "accuracy": 1.0,
    "precision": 1.0,
    "recall": 1.0,
    "f1_score": 1.0,
    "confusion_matrix": [
      [
        15000,
        0
      ],
      [
        0,
        7853
      ]
    ],
    "classification_report": "              precision    recall  f1-score   support\n\n   non-clone       1.00      1.00      1.00     15000\n       clone       1.00      1.00      1.00      7853\n\n    accuracy                           1.00     22853\n   macro avg       1.00      1.00      1.00     22853\nweighted avg       1.00      1.00      1.00     22853\n",
    "feature_importances": {
      "levenshtein_distance": 0.2221043287964631,
      "levenshtein_ratio": 0.22212884137763295,
      "jaro_similarity": 0.22215076786236893,
      "jaro_winkler_similarity": 0.25317137255117445,
      "jaccard_similarity": 0.044706456685487846,
      "dice_coefficient": 0.035738232726872626
    },
    "split_info": {
      "train_samples": 106643,
      "val_samples": 22853,
      "test_samples": 22853,
      "train_ratio": 0.7,
      "val_ratio": 0.15,
      "test_ratio": 0.15
    }
  },
  "type_distribution": {
    "1": 48116,
    "2": 4234,
    "3": 42790,
    "4": 100000
  },
  "timestamp": "2026-02-25T14:45:33.705907"
}