{
  "accuracy": 0.506886008136861,
  "precision": 0.5363633659537761,
  "recall": 0.8211667197959834,
  "f1": 0.6488898485012056,
  "roc_auc": 0.40767072602086507,
  "timestamp": "2026-02-28T20:51:45.654756"
}