{
  "accuracy": 0.954,
  "precision": 1.0,
  "recall": 0.954,
  "f1": 0.9764585465711362,
  "roc_auc": NaN,
  "threshold_used": 0.5199999999999998
}