{
  "accuracy": 0.5200262805448159,
  "precision": 0.5388200790803634,
  "recall": 0.9370645293501526,
  "f1": 0.6842122763849172,
  "roc_auc": 0.16027521391127708,
  "timestamp": "2026-02-28T22:21:00.533997"
}